time,keyword,message,asin,brand,title,position
"2018-05-03 05:26:12","nespresso capsules","New Nespresso™ Vertuo. Coffee redefined.",,"Nespresso™ UK",,1
"2018-05-03 05:26:14","nespresso capsules",,B00OCVQ7QO,"CRU Kafe",,2
"2018-05-03 05:26:14","nespresso capsules",,B00R50M3IK,"CRU Kafe",,3
"2018-05-03 05:26:14","nespresso capsules",,B0716ZL29F,"Real Coffee",,4
"2018-05-03 05:26:14","nespresso capsules",,B00WR1U9YM,"Taylors of Harrogate",,5
"2018-05-03 05:26:14","nespresso capsules",,B00O28K9H0,"CRU Kafe",,6
"2018-05-03 05:26:14","nespresso capsules",,B01MS3FCZ8,"Viaggio Espresso",,7
"2018-05-03 05:26:12",coffee,"Discover the full range of Dolce Gusto coffee pods",,"Nescafé Dolce Gusto",,1
"2018-05-03 05:26:14",coffee,,B00NHXH8D4,NESCAFÉ,,2
"2018-05-03 05:26:14",coffee,,B079211F5P,NESCAFÉ,,3
"2018-05-03 05:26:18",coffee,,B072ZSBG7Q,NESCAFÉ,,4
"2018-05-03 05:26:18",coffee,,B071ZQ6QNG,"Coffee Globetrotter",,5
"2018-05-03 05:26:18",coffee,,B077KSJR9Y,Starbucks,,6
"2018-05-03 05:26:18",coffee,,B077GXSM22,SACRED,,7
"2018-05-03 05:26:18",coffee,,B001SEQMCM,NESCAFÉ,,8
"2018-05-03 05:26:18",coffee,,B074KDMSN4,NESCAFÉ,,9
"2018-05-03 05:26:18",coffee,,B072ZTD13C,NESCAFÉ,,10
"2018-05-03 05:26:16",starbucks,"Discover our range",,Starbucks,,1
"2018-05-03 05:26:18",starbucks,,B077KSJR9Y,Starbucks,,2
"2018-05-03 05:26:18",starbucks,,B077QK7CPQ,Starbucks,,3
"2018-05-03 05:26:22",starbucks,,B077L2NBHH,Starbucks,,4
"2018-05-03 05:26:22",starbucks,,B00KSZB902,Starbucks,,5
"2018-05-03 05:26:22",starbucks,,B077L2HX6L,Starbucks,,6
"2018-05-03 05:26:22",starbucks,,B077Q5B12G,Starbucks,,7
"2018-05-03 05:26:20",nespresso,"Nespresso™ Coffee Machines - Discover Our Range",,"Nespresso™ UK",,1
"2018-05-03 05:26:22",nespresso,,B01ISP0KR6,NESPRESSO,,2
"2018-05-03 05:26:22",nespresso,,B00J4K3338,NESPRESSO,,3
"2018-05-03 05:26:22",nespresso,,B00T4GWHKM,NESPRESSO,,4
"2018-05-03 05:26:14",nespresso,,B00WR1U9YM,"Taylors of Harrogate",,5
"2018-05-03 05:26:22",nespresso,,B01IHRP8HW,NESPRESSO,,6
"2018-05-03 05:26:22",nespresso,,B075DL9FF6,NESPRESSO,,7
"2018-05-03 05:26:24",tassimo,,,,,1
"2018-05-03 05:26:26",tassimo,,B06XTP6JJ3,"CAFE CONCETTO",,2
"2018-05-03 05:26:26",tassimo,,B018BHRM1I,Tassimo,,3
"2018-05-03 05:26:26",tassimo,,B007GIBOTK,Tassimo,,4
"2018-05-03 05:26:26",tassimo,,B007GIBXB4,Tassimo,,5
"2018-05-03 05:26:26",tassimo,,B072L67CHB,Tassimo,,6
"2018-05-03 05:26:26",tassimo,,B01LZQ9K78,"Home Treats",,7
"2018-05-03 05:26:24","tassimo pods","Tassimo Coffee Pod Holders & Descaling Tablets",,Qualtex,,1
"2018-05-03 05:26:26","tassimo pods",,B0797WF7K4,"Tassimo Tdiscs",,2
"2018-05-03 05:26:26","tassimo pods",,B0797WXZJL,"Tassimo Tdiscs",,3
"2018-05-03 05:26:30","tassimo pods",,B0797YGK95,"Tassimo Tdiscs",,4
"2018-05-03 05:26:30","tassimo pods",,B077KH5ZBN,"Caffè di Artisan",,5
"2018-05-03 05:26:30","tassimo pods",,B077SMB92J,"Caffè di Artisan",,6
"2018-05-03 05:26:30","tassimo pods",,B00OA8J8AG,"The London Tea Company",,7
"2018-05-03 05:26:30","tassimo pods",,B072Q7K86H,Tassimo,,8
"2018-05-03 05:26:26","tassimo pods",,B018BHRM1I,Tassimo,,9
"2018-05-03 05:26:30","tassimo pods",,B00MFLXOAU,Tassimo,,10
"2018-05-03 05:26:28","costa coffee","Discover our range",,Starbucks,,1
"2018-05-03 05:26:30","costa coffee",,B076F8GBYD,202Prints,,2
"2018-05-03 05:26:30","costa coffee",,B001EOMZ5E,De'Longhi,,3
"2018-05-03 05:26:30","costa coffee",,B0170ALWUY,"E Bargains UK",,4
"2018-05-03 05:26:34","costa coffee",,B01ETJD79S,,,5
"2018-05-03 05:26:34","costa coffee",,B06XTS3LGG,"S SANTECO",,6
"2018-05-03 05:26:34","costa coffee",,B06Y4465TC,SENHAI,,7
"2018-05-03 05:26:32","dolce gusto","Discover the range of Nescafe Dolce Gusto pods",,"Nescafé Dolce Gusto",,1
"2018-05-03 05:26:34","dolce gusto",,B01M5B2ZK2,NESCAFÉ,,2
"2018-05-03 05:26:34","dolce gusto",,B000ODS0GO,NESCAFÉ,,3
"2018-05-03 05:26:34","dolce gusto",,B007PRVFXC,NESCAFÉ,,4
"2018-05-03 05:26:34","dolce gusto",,B01N2W332W,Kealive,,5
"2018-05-03 05:26:34","dolce gusto",,B0083J60CW,NESCAFÉ,,6
"2018-05-03 05:26:30","dolce gusto",,B0170ALWUY,"E Bargains UK",,7
"2018-05-03 05:26:32","dolce gusto pods",,,,,1
"2018-05-03 05:26:38","dolce gusto pods",,B075N7ZKVP,"Docle Gusto",,2
"2018-05-03 05:26:14","dolce gusto pods",,B079211F5P,NESCAFÉ,,3
"2018-05-03 05:26:18","dolce gusto pods",,B001SEQMCM,NESCAFÉ,,4
"2018-05-03 05:26:38","dolce gusto pods",,B074P5WN7T,"Café Royal",,5
"2018-05-03 05:26:18","dolce gusto pods",,B074KDMSN4,NESCAFÉ,,6
"2018-05-03 05:26:18","dolce gusto pods",,B072ZTD13C,NESCAFÉ,,7
"2018-05-03 05:26:36",espresso,"Upgrade your coffee to an Italian experience",,Aromistico,,1
"2018-05-03 05:26:38",espresso,,B01MT6FGJG,bonVIVO,,2
"2018-05-03 05:26:30",espresso,,B001EOMZ5E,De'Longhi,,3
"2018-05-03 05:26:38",espresso,,B00I6E7CWG,De'Longhi,,4
"2018-05-03 05:26:38",espresso,,B00MOIE1E2,De'Longhi,,5
"2018-05-03 05:26:38",espresso,,B01JM3D70A,Vremi,,6
"2018-05-03 05:26:38",espresso,,B00P580MDC,Lavazza,,7
"2018-05-03 05:26:36","coffee beans","Upgrade to Aromistico, Artisan Coffee Beans",,Aromistico,,1
"2018-05-03 05:26:38","coffee beans",,B00OJ9WEOI,"Brown Bear",,2
"2018-05-03 05:26:42","coffee beans",,B00GM42SS0,"Gimoka Coffee UK",,3
"2018-05-03 05:26:42","coffee beans",,B071D45X7G,"BaristaItaliano UK",,4
"2018-05-03 05:26:42","coffee beans",,B00V3T9DSC,"Brown Bear",,5
"2018-05-03 05:26:42","coffee beans",,B01M11QTZJ,"Good Life Coffee",,6
"2018-05-03 05:26:42","coffee beans",,B0081R32FY,"The coffee and tea company",,7
"2018-05-03 05:26:42","coffee beans",,B0759J7GF5,UCC,,8
"2018-05-03 05:26:42","coffee beans",,B01M0FEX4U,"Good Life Coffee",,9
"2018-05-03 05:26:42","coffee beans",,B077KQZKD8,Starbucks,,10
"2018-05-03 05:26:40","coffee pods","Discover the full range of Dolce Gusto coffee pods",,"Nescafé Dolce Gusto",,1
"2018-05-03 05:26:18","coffee pods",,B072ZSBG7Q,NESCAFÉ,,2
"2018-05-03 05:26:14","coffee pods",,B079211F5P,NESCAFÉ,,3
"2018-05-03 05:26:42","coffee pods",,B0152XR7W8,NESCAFÉ,,4
"2018-05-03 05:26:18","coffee pods",,B077KSJR9Y,Starbucks,,5
"2018-05-03 05:26:18","coffee pods",,B072ZTD13C,NESCAFÉ,,6
"2018-05-03 05:26:46","coffee pods",,B0151ID97Q,NESCAFÉ,,7
"2018-05-03 05:26:44","lavazza coffee pod","Discover our range",,Starbucks,,1
"2018-05-03 05:26:46","lavazza coffee pod",,B00T6M5E4U,cialdissima,,2
"2018-05-03 05:26:18","lavazza coffee pod",,B001SEQMCM,NESCAFÉ,,3
"2018-05-03 05:26:18","lavazza coffee pod",,B072ZSBG7Q,NESCAFÉ,,4
"2018-05-03 05:26:14","lavazza coffee pod",,B00NHXH8D4,NESCAFÉ,,5
"2018-05-03 05:26:18","lavazza coffee pod",,B072ZTD13C,NESCAFÉ,,6
"2018-05-03 05:26:18","lavazza coffee pod",,B077KSJR9Y,Starbucks,,7
"2018-05-03 05:26:44","ground coffee","Discover the Nescafé Gold Blend Store.",,Nescafé,,1
"2018-05-03 05:26:46","ground coffee",,B00LJ1PWOI,"White Blend",,2
"2018-05-03 05:26:46","ground coffee",,B07B6RPKC9,"Fantastic Flavoured Coffee Co.",,3
"2018-05-03 05:26:46","ground coffee",,B0062YA2W4,Cafédirect,,4
"2018-05-03 05:26:18","ground coffee",,B077GXSM22,SACRED,,5
"2018-05-03 05:26:46","ground coffee",,B0733676D5,Cafédirect,,6
"2018-05-03 05:26:46","ground coffee",,B0062Y9ZXG,Cafédirect,,7
"2018-05-03 05:26:46","ground coffee",,B07B6RB11P,"Fantastic Flavoured Coffee Co.",,8
"2018-05-03 05:26:50","ground coffee",,B014H6F13I,"White Blend",,9
"2018-05-03 05:26:18","ground coffee",,B071ZQ6QNG,"Coffee Globetrotter",,10
"2018-05-03 05:26:48",lavazza,,,,,1
"2018-05-03 05:26:50",lavazza,,B078ZGRMSW,Lavazza,,2
"2018-05-03 05:26:50",lavazza,,B013CONRHI,Italcaffè,,3
"2018-05-03 05:26:50",lavazza,,B00H2HMSH2,PureGusto,,4
"2018-05-03 05:26:50",lavazza,,B013CKIMC2,"Italcaffè S.p.A.",,5
"2018-05-03 05:26:48","lavazza coffee","UK's Strongest Coffee - Strong Ground Coffee Beans",,"Sons of Amazon Strong and Fair",,1
"2018-05-03 05:26:50","lavazza coffee",,B078ZGRMSW,Lavazza,,2
"2018-05-03 05:26:50","lavazza coffee",,B00VTQVV02,"La Compatibile.it",,3
"2018-05-03 05:26:18","lavazza coffee",,B077GXSM22,SACRED,,4
"2018-05-03 05:26:22","lavazza coffee",,B077L2HX6L,Starbucks,,5
"2018-05-03 05:26:50","lavazza coffee",,B01LXY47D4,Starbucks,,6
"2018-05-03 05:26:54","lavazza coffee",,B000FWHWGI,Lavazza,,7
"2018-05-03 05:26:52","coffee lavazza","UK's Strongest Coffee - Strong Ground Coffee Beans",,"Sons of Amazon Strong and Fair",,1
"2018-05-03 05:26:50","coffee lavazza",,B078ZGRMSW,Lavazza,,2
"2018-05-03 05:26:50","coffee lavazza",,B00VTQVV02,"La Compatibile.it",,3
"2018-05-03 05:26:18","coffee lavazza",,B077GXSM22,SACRED,,4
"2018-05-03 05:26:22","coffee lavazza",,B077L2HX6L,Starbucks,,5
"2018-05-03 05:26:50","coffee lavazza",,B01LXY47D4,Starbucks,,6
"2018-05-03 05:26:54","coffee lavazza",,B000FWHWGI,Lavazza,,7
"2018-05-03 05:26:52","instant coffee","Discover the Nescafé Gold Blend Store.",,Nescafé,,1
"2018-05-03 05:26:54","instant coffee",,B01LXMHCM3,Fresco,,2
"2018-05-03 05:26:54","instant coffee",,B01B4ZEYSS,NESCAFÉ,,3
"2018-05-03 05:26:54","instant coffee",,B073FBDJSG,G7,,4
"2018-05-03 05:26:18","instant coffee",,B001SEQMCM,NESCAFÉ,,5
"2018-05-03 05:26:54","instant coffee",,B00J8UZ3PU,INNOCENTE,,6
"2018-05-03 05:26:54","instant coffee",,B01B4NQ7SK,"NESCAFÉ Collections",,7
"2018-05-03 05:26:30","instant coffee",,B077KH5ZBN,"Caffè di Artisan",,8
"2018-05-03 05:26:30","instant coffee",,B077SMB92J,"Caffè di Artisan",,9
"2018-05-03 05:26:54","instant coffee",,B01B4ZPTSM,NESCAFÉ,,10
"2018-05-03 05:26:56","lavazza coffee beans","Serious about coffee?",,Delonghi,,1
"2018-05-03 05:26:50","lavazza coffee beans",,B078ZGRMSW,Lavazza,,2
"2018-05-03 05:26:38","lavazza coffee beans",,B00OJ9WEOI,"Brown Bear",,3
"2018-05-03 05:26:57","lavazza coffee beans",,B00QQB85Y0,"Taylors of Harrogate",,4
"2018-05-03 05:26:57","lavazza coffee beans",,B01N384NDK,"Good Life Coffee",,5
"2018-05-03 05:26:42","lavazza coffee beans",,B00GM42SS0,"Gimoka Coffee UK",,6
"2018-05-03 05:26:42","lavazza coffee beans",,B0081R32FY,"The coffee and tea company",,7
"2018-05-03 05:26:56","coffee capsule","Discover the full range of Dolce Gusto coffee pods",,"Nescafé Dolce Gusto",,1
"2018-05-03 05:26:18","coffee capsule",,B072ZSBG7Q,NESCAFÉ,,2
"2018-05-03 05:26:57","coffee capsule",,B079L6W4MJ,Torrisi,,3
"2018-05-03 05:26:14","coffee capsule",,B0716ZL29F,"Real Coffee",,4
"2018-05-03 05:26:18","coffee capsule",,B001SEQMCM,NESCAFÉ,,5
"2018-05-03 05:26:18","coffee capsule",,B074KDMSN4,NESCAFÉ,,6
"2018-05-03 05:26:18","coffee capsule",,B072ZTD13C,NESCAFÉ,,7
"2018-05-03 05:26:56",illy,"Upgrade to Aromistico, Artisan Coffee Beans",,Aromistico,,1
"2018-05-03 05:26:56","lavazza capsules",,,,,1
"2018-05-03 05:26:57","lavazza capsules",,B007HI6L2O,"Gimoka Coffee UK",,2
"2018-05-03 05:26:50","lavazza capsules",,B00VTQVV02,"La Compatibile.it",,3
"2018-05-03 05:26:22","lavazza capsules",,B077L2HX6L,Starbucks,,4
"2018-05-03 05:26:57","lavazza capsules",,B079L7TY8Q,Torrisi,,5
"2018-05-03 05:26:57","lavazza capsules",,B00MXKBXXS,Gourmesso,,6
"2018-05-03 05:26:50","lavazza capsules",,B01LXY47D4,Starbucks,,7
"2018-05-03 05:27:00","lavazza a modo mio",,,,,1
"2018-05-03 05:26:50","lavazza a modo mio",,B00VTQVV02,"La Compatibile.it",,2
"2018-05-03 05:27:02","lavazza a modo mio",,B00UDEQOEE,AEG,,3
"2018-05-03 05:27:02","lavazza a modo mio",,B00VTQVFBM,"La Compatibile.it",,4
"2018-05-03 05:27:02","lavazza a modo mio",,B00VTQVPTE,"La Compatibile.it",,5
"2018-05-03 05:27:02","lavazza a modo mio",,B00ZPJKA2Y,Lavazza,,6
"2018-05-03 05:27:02","lavazza a modo mio",,B00VTQVNH8,"La Compatibile.it",,7
"2018-05-03 05:27:00","lavazza pods",,,,,1
"2018-05-03 05:27:02","lavazza pods",,B00KJW40F0,"Lavazza A Modo Mio",,2
"2018-05-03 05:27:02","lavazza pods",,B00DBBQU6S,Lavazza,,3
"2018-05-03 05:27:02","lavazza pods",,B074HCT3NB,"Real Coffee",,4
"2018-05-03 05:27:06","lavazza pods",,B0756KRXX5,"BaristaItaliano UK",,5
"2018-05-03 05:27:06","lavazza pods",,B01EX39GMM,"Caffè H24",,6
"2018-05-03 05:27:06","lavazza pods",,B075QL7TG5,"Caffè Carbonelli",,7
"2018-05-03 05:27:04","lavazza ground coffee","Premium Italian artisan handroasted ground coffees",,Aromistico,,1
"2018-05-03 05:26:18","lavazza ground coffee",,B077GXSM22,SACRED,,2
"2018-05-03 05:26:18","lavazza ground coffee",,B071ZQ6QNG,"Coffee Globetrotter",,3
"2018-05-03 05:27:06","lavazza ground coffee",,B0053D0X4W,"Weasel Premium Vietnamese Coffees",,4
"2018-05-03 05:27:06","lavazza ground coffee",,B019EB0AMS,"Café Saula",,5
"2018-05-03 05:27:04","a modo mio",,,,,1
"2018-05-03 05:26:57","a modo mio",,B079L7TY8Q,Torrisi,,2
"2018-05-03 05:27:06","a modo mio",,B075QJDPLG,"Caffè Carbonelli",,3
"2018-05-03 05:27:06","a modo mio",,B075XP37VB,Torrisi,,4
"2018-05-03 05:27:06","a modo mio",,B0756KRXX5,"BaristaItaliano UK",,5
"2018-05-03 05:27:10","a modo mio",,B076SJC1JB,"Magic Hue",,6
"2018-05-03 05:27:10","a modo mio",,B074HBDT2Z,"Caffè H24",,7
"2018-05-03 05:27:08","lavazza instant coffee","Discover the Nescafé Gold Blend Store.",,Nescafé,,1
"2018-05-03 05:26:18","lavazza instant coffee",,B077GXSM22,SACRED,,2
"2018-05-03 05:26:18","lavazza instant coffee",,B001SEQMCM,NESCAFÉ,,3
"2018-05-03 05:27:10","lavazza instant coffee",,B073J8LJKT,Alicafe,,4
"2018-05-03 05:27:10","lavazza instant coffee",,B073F5FD46,G7,,5
"2018-05-03 05:26:22","lavazza instant coffee",,B077L2HX6L,Starbucks,,6
"2018-05-03 05:26:50","lavazza instant coffee",,B01LXY47D4,Starbucks,,7
"2018-05-03 05:27:08","coffee machine","Serious about coffee?",,Delonghi,,1
"2018-05-03 05:26:30","coffee machine",,B001EOMZ5E,De'Longhi,,2
"2018-05-03 05:26:38","coffee machine",,B00I6E7CWG,De'Longhi,,3
"2018-05-03 05:27:10","coffee machine",,B078BFQ11B,homgeek,,4
"2018-05-03 05:27:10","coffee machine",,B01H8NRZBS,Moccamaster,,5
"2018-05-03 05:27:10","coffee machine",,B000NTMHRW,Chemex,,6
"2018-05-03 05:26:38","coffee machine",,B00MOIE1E2,De'Longhi,,7
"2018-05-03 05:27:10","coffee machine",,B078ZFK3N4,Unknown,,8
"2018-05-03 05:27:18","coffee machine",,B01AUH77K8,Excelvan,,9
"2018-05-03 05:27:18","coffee machine",,B01MA3UM2P,"Oomph Portable Coffee Maker",,10
"2018-05-03 05:27:18","coffee machine",,B079GHFZT2,homgeek,,11
"2018-05-03 05:27:18","coffee machine",,B01N9T7P15,"Cooks Professional",,12
"2018-05-03 05:27:18","coffee machine",,B01H8NRZB8,Moccamaster,,13
"2018-05-03 05:27:12","coffee maker","Serious about coffee?",,Delonghi,,1
"2018-05-03 05:27:18","coffee maker",,B0799M7KLM,Bemmer,,2
"2018-05-03 05:27:10","coffee maker",,B078BFQ11B,homgeek,,3
"2018-05-03 05:27:10","coffee maker",,B000NTMHRW,Chemex,,4
"2018-05-03 05:27:18","coffee maker",,B079CFGMYX,Amfocus,,5
"2018-05-03 05:26:30","coffee maker",,B001EOMZ5E,De'Longhi,,6
"2018-05-03 05:26:38","coffee maker",,B00I6E7CWG,De'Longhi,,7
"2018-05-03 05:27:18","coffee maker",,B078MVFD1G,GOSCIEN,,8
"2018-05-03 05:27:18","coffee maker",,B00008WU9F,BODUM,,9
"2018-05-03 05:27:18","coffee maker",,B0778WD88W,"Oliver James",,10
"2018-05-03 05:27:22","coffee maker",,B079L1KM89,MIULY,,11
"2018-05-03 05:27:22","coffee maker",,B01N2TZP8K,CoffeeZone,,12
"2018-05-03 05:27:22","coffee maker",,B075ZL4LP2,ZNZ,,13
"2018-05-03 05:27:20","milk frother","Serious about coffee?",,Delonghi,,1
"2018-05-03 05:27:22","milk frother",,B06XRDFDW5,VAVA,,2
"2018-05-03 05:27:22","milk frother",,B073D7CWHV,SGCoffee,,3
"2018-05-03 05:27:22","milk frother",,B06Y38964R,Heska,,4
"2018-05-03 05:27:18","milk frother",,B078MVFD1G,GOSCIEN,,5
"2018-05-03 05:27:22","milk frother",,B01M9A7SE4,JoyFork,,6
"2018-05-03 05:27:22","milk frother",,B01IB8K5IO,Pyrus,,7
"2018-05-03 05:27:22","milk frother",,B06Y3FRDY7,Heska,,8
"2018-05-03 05:27:26","milk frother",,B072SVMBNJ,"Sweet Alice",,9
"2018-05-03 05:27:26","milk frother",,B06XXH6Z4D,Aicok,,10
"2018-05-03 05:27:26","milk frother",,B0791ZRRCD,RebirthTree,,11
"2018-05-03 05:27:26","milk frother",,B078MJ2DPT,Youda,,12
"2018-05-03 05:27:26","milk frother",,B079T97CY1,"Airo Coffee",,13
"2018-05-03 05:27:24","nespresso machine","Nespresso™ Coffee Machines - Discover Our Range",,"Nespresso™ UK",,1
"2018-05-03 05:26:22","nespresso machine",,B01ISP0KR6,NESPRESSO,,2
"2018-05-03 05:26:22","nespresso machine",,B00J4K3338,NESPRESSO,,3
"2018-05-03 05:26:22","nespresso machine",,B075DL9FF6,NESPRESSO,,4
"2018-05-03 05:27:26","nespresso machine",,B075GYWQMC,"CAFE CONCETTO",,5
"2018-05-03 05:27:26","nespresso machine",,B00WR1U9QU,"Taylors of Harrogate",,6
"2018-05-03 05:27:26","nespresso machine",,B01M32KXHV,X-Chef,,7
"2018-05-03 05:27:18","nespresso machine",,B01MA3UM2P,"Oomph Portable Coffee Maker",,8
"2018-05-03 05:27:26","nespresso machine",,B0771FYFT9,VBESTLIFE,,9
"2018-05-03 05:26:22","nespresso machine",,B01IHRP8HW,NESPRESSO,,10
"2018-05-03 05:27:30","nespresso machine",,B075DCKWSJ,NESPRESSO,,11
"2018-05-03 05:27:30","nespresso machine",,B01N6RT3HI,NESPRESSO,,12
"2018-05-03 05:27:30","nespresso machine",,B01N97DB4W,HiveNets,,13
"2018-05-03 05:27:28","espresso machine","Serious about coffee?",,Delonghi,,1
"2018-05-03 05:26:30","espresso machine",,B001EOMZ5E,De'Longhi,,2
"2018-05-03 05:27:18","espresso machine",,B01AUH77K8,Excelvan,,3
"2018-05-03 05:27:18","espresso machine",,B01N9T7P15,"Cooks Professional",,4
"2018-05-03 05:27:30","espresso machine",,B00KYRQ6EI,AmbiClean,,5
"2018-05-03 05:26:38","espresso machine",,B01MT6FGJG,bonVIVO,,6
"2018-05-03 05:27:30","espresso machine",,B077JJV4C3,Famirosa,,7
"2018-05-03 05:26:38","espresso machine",,B00I6E7CWG,De'Longhi,,8
"2018-05-03 05:27:18","espresso machine",,B01MA3UM2P,"Oomph Portable Coffee Maker",,9
"2018-05-03 05:27:30","espresso machine",,B076P49KCT,esLife,,10
"2018-05-03 05:27:30","espresso machine",,B01M24M996,"Oomph Portable Coffee Maker",,11
"2018-05-03 05:27:30","espresso machine",,B074TGRLPV,720°DGREE,,12
"2018-05-03 05:27:30","espresso machine",,B01N52S30K,Aicok,,13
"2018-05-03 05:27:33","tassimo coffee machines","Tassimo Coffee Pod Holders & Descaling Tablets",,Qualtex,,1
"2018-05-03 05:26:30","tassimo coffee machines",,B001EOMZ5E,De'Longhi,,2
"2018-05-03 05:26:38","tassimo coffee machines",,B00I6E7CWG,De'Longhi,,3
"2018-05-03 05:27:35","tassimo coffee machines",,B073PWBMWK,HiveNets,,4
"2018-05-03 05:26:38","tassimo coffee machines",,B00MOIE1E2,De'Longhi,,5
"2018-05-03 05:27:10","tassimo coffee machines",,B01H8NRZBS,Moccamaster,,6
"2018-05-03 05:27:35","tassimo coffee machines",,B01MSNN50J,Kitchenista,,7
"2018-05-03 05:27:35","tassimo coffee machines",,B075TZZ2B5,KitchenAid,,8
"2018-05-03 05:27:35","tassimo coffee machines",,B019A2JQCQ,Kitchenista,,9
"2018-05-03 05:27:18","tassimo coffee machines",,B01AUH77K8,Excelvan,,10
"2018-05-03 05:27:18","tassimo coffee machines",,B01H8NRZB8,Moccamaster,,11
"2018-05-03 05:27:35","tassimo coffee machines",,B01LXJDMJU,Shark,,12
"2018-05-03 05:27:35","tassimo coffee machines",,B073FBN76R,Recaps,,13
"2018-05-03 05:27:33","dolce gusto coffee machines",,,,,1
"2018-05-03 05:26:30","dolce gusto coffee machines",,B001EOMZ5E,De'Longhi,,2
"2018-05-03 05:26:34","dolce gusto coffee machines",,B01M5B2ZK2,NESCAFÉ,,3
"2018-05-03 05:27:35","dolce gusto coffee machines",,B000ODTUHW,NESCAFÉ,,4
"2018-05-03 05:27:35","dolce gusto coffee machines",,B004943NSO,NESCAFÉ,,5
"2018-05-03 05:26:34","dolce gusto coffee machines",,B0083J60CW,NESCAFÉ,,6
"2018-05-03 05:26:34","dolce gusto coffee machines",,B000ODS0GO,NESCAFÉ,,7
"2018-05-03 05:27:37","coffee pod machines","Serious about coffee?",,Delonghi,,1
"2018-05-03 05:27:35","coffee pod machines",,B073FBN76R,Recaps,,2
"2018-05-03 05:26:30","coffee pod machines",,B001EOMZ5E,De'Longhi,,3
"2018-05-03 05:26:34","coffee pod machines",,B01M5B2ZK2,NESCAFÉ,,4
"2018-05-03 05:26:38","coffee pod machines",,B00I6E7CWG,De'Longhi,,5
"2018-05-03 05:27:10","coffee pod machines",,B078BFQ11B,homgeek,,6
"2018-05-03 05:27:26","coffee pod machines",,B075GYWQMC,"CAFE CONCETTO",,7
"2018-05-03 05:27:37","lavazza coffee machine","Serious about coffee?",,Delonghi,,1
"2018-05-03 05:27:38","lavazza coffee machine",,B00UDEQTSU,Lavazza,,2
"2018-05-03 05:26:30","lavazza coffee machine",,B001EOMZ5E,De'Longhi,,3
"2018-05-03 05:26:38","lavazza coffee machine",,B00I6E7CWG,De'Longhi,,4
"2018-05-03 05:26:38","lavazza coffee machine",,B00MOIE1E2,De'Longhi,,5
"2018-05-03 05:27:10","lavazza coffee machine",,B078BFQ11B,homgeek,,6
"2018-05-03 05:27:35","lavazza coffee machine",,B075TZZ2B5,KitchenAid,,7
"2018-05-03 05:27:37","coffee machine espresso","Serious about coffee?",,Delonghi,,1
"2018-05-03 05:27:18","coffee machine espresso",,B01AUH77K8,Excelvan,,2
"2018-05-03 05:26:30","coffee machine espresso",,B001EOMZ5E,De'Longhi,,3
"2018-05-03 05:26:38","coffee machine espresso",,B01MT6FGJG,bonVIVO,,4
"2018-05-03 05:26:38","coffee machine espresso",,B00I6E7CWG,De'Longhi,,5
"2018-05-03 05:26:38","coffee machine espresso",,B00MOIE1E2,De'Longhi,,6
"2018-05-03 05:27:35","coffee machine espresso",,B075TZZ2B5,KitchenAid,,7
"2018-05-03 05:27:37","nespresso milk frother","Nespresso™ Coffee Machines - Discover Our Range",,"Nespresso™ UK",,1
"2018-05-03 05:26:22","nespresso milk frother",,B01ISP0KR6,NESPRESSO,,2
"2018-05-03 05:27:30","nespresso milk frother",,B01N6RT3HI,NESPRESSO,,3
"2018-05-03 05:27:18","nespresso milk frother",,B078MVFD1G,GOSCIEN,,4
"2018-05-03 05:27:38","nespresso milk frother",,B06WWNY55G,NESPRESSO,,5
"2018-05-03 05:26:22","nespresso milk frother",,B01IHRP8HW,NESPRESSO,,6
"2018-05-03 05:27:38","nespresso milk frother",,B01IHRLMAE,NESPRESSO,,7
"2018-05-03 05:27:37","milk frother electric","Serious about coffee?",,Delonghi,,1
"2018-05-03 05:27:22","milk frother electric",,B06XRDFDW5,VAVA,,2
"2018-05-03 05:27:22","milk frother electric",,B073D7CWHV,SGCoffee,,3
"2018-05-03 05:27:18","milk frother electric",,B078MVFD1G,GOSCIEN,,4
"2018-05-03 05:27:22","milk frother electric",,B01IB8K5IO,Pyrus,,5
"2018-05-03 05:27:26","milk frother electric",,B06XXH6Z4D,Aicok,,6
"2018-05-03 05:27:22","milk frother electric",,B06Y38964R,Heska,,7
"2018-05-03 05:27:37","coffee machine with milk frother","Serious about coffee?",,Delonghi,,1
"2018-05-03 05:26:30","coffee machine with milk frother",,B001EOMZ5E,De'Longhi,,2
"2018-05-03 05:27:22","coffee machine with milk frother",,B06XRDFDW5,VAVA,,3
"2018-05-03 05:27:18","coffee machine with milk frother",,B01AUH77K8,Excelvan,,4
"2018-05-03 05:26:38","coffee machine with milk frother",,B00I6E7CWG,De'Longhi,,5
"2018-05-03 05:27:38","coffee machine with milk frother",,B074J5W6ZD,"Andrew James",,6
"2018-05-03 05:27:42","coffee machine with milk frother",,B01L44GNCO,720°DGREE,,7
"2018-05-03 05:27:41","lavazza milk frother","Choose your perfect milk frother",,Ventuci,,1
"2018-05-03 05:27:18","lavazza milk frother",,B078MVFD1G,GOSCIEN,,2
"2018-05-03 05:27:22","lavazza milk frother",,B06XRDFDW5,VAVA,,3
"2018-05-03 05:27:38","lavazza milk frother",,B074J5W6ZD,"Andrew James",,4
"2018-05-03 05:27:22","lavazza milk frother",,B01IB8K5IO,Pyrus,,5
"2018-05-03 05:27:22","lavazza milk frother",,B06Y38964R,Heska,,6
"2018-05-03 05:27:42","lavazza milk frother",,B01HTPK8S2,"Sensio Home",,7
"2018-05-03 05:27:41","lavazza espresso machine","Serious about coffee?",,Delonghi,,1
"2018-05-03 05:26:38","lavazza espresso machine",,B01MT6FGJG,bonVIVO,,2
"2018-05-03 05:26:30","lavazza espresso machine",,B001EOMZ5E,De'Longhi,,3
"2018-05-03 05:26:38","lavazza espresso machine",,B00I6E7CWG,De'Longhi,,4
"2018-05-03 05:27:18","lavazza espresso machine",,B01AUH77K8,Excelvan,,5
"2018-05-03 05:26:38","lavazza espresso machine",,B00MOIE1E2,De'Longhi,,6
"2018-05-03 05:26:38","lavazza espresso machine",,B00P580MDC,Lavazza,,7
"2018-05-03 05:27:41","lavazza a modo mio coffee machine","Andrew James Coffee Making Machines",,"Andrew James",,1
"2018-05-03 05:27:02","lavazza a modo mio coffee machine",,B00UDEQOEE,AEG,,2
"2018-05-03 05:26:30","lavazza a modo mio coffee machine",,B001EOMZ5E,De'Longhi,,3
"2018-05-03 05:26:50","lavazza a modo mio coffee machine",,B00VTQVV02,"La Compatibile.it",,4
"2018-05-03 05:27:38","lavazza a modo mio coffee machine",,B00UDEQTSU,Lavazza,,5
"2018-05-03 05:27:35","lavazza a modo mio coffee machine",,B01LXJDMJU,Shark,,6
"2018-05-03 05:27:42","lavazza a modo mio coffee machine",,B000BZ6BXE,BODUM,,7
"2018-05-03 05:27:41","coffee machine","Serious about coffee?",,Delonghi,,1
"2018-05-03 05:26:30","coffee machine",,B001EOMZ5E,De'Longhi,,2
"2018-05-03 05:26:38","coffee machine",,B00I6E7CWG,De'Longhi,,3
"2018-05-03 05:27:10","coffee machine",,B078BFQ11B,homgeek,,4
"2018-05-03 05:27:10","coffee machine",,B01H8NRZBS,Moccamaster,,5
"2018-05-03 05:27:10","coffee machine",,B000NTMHRW,Chemex,,6
"2018-05-03 05:26:38","coffee machine",,B00MOIE1E2,De'Longhi,,7
"2018-05-03 05:27:10","coffee machine",,B078ZFK3N4,Unknown,,8
"2018-05-03 05:27:18","coffee machine",,B01AUH77K8,Excelvan,,9
"2018-05-03 05:27:18","coffee machine",,B01MA3UM2P,"Oomph Portable Coffee Maker",,10
"2018-05-03 05:27:18","coffee machine",,B079GHFZT2,homgeek,,11
"2018-05-03 05:27:18","coffee machine",,B01N9T7P15,"Cooks Professional",,12
"2018-05-03 05:27:18","coffee machine",,B01H8NRZB8,Moccamaster,,13
"2018-05-03 05:27:41","coffee maker","Serious about coffee?",,Delonghi,,1
"2018-05-03 05:27:18","coffee maker",,B0799M7KLM,Bemmer,,2
"2018-05-03 05:27:10","coffee maker",,B078BFQ11B,homgeek,,3
"2018-05-03 05:27:10","coffee maker",,B000NTMHRW,Chemex,,4
"2018-05-03 05:27:18","coffee maker",,B079CFGMYX,Amfocus,,5
"2018-05-03 05:26:30","coffee maker",,B001EOMZ5E,De'Longhi,,6
"2018-05-03 05:26:38","coffee maker",,B00I6E7CWG,De'Longhi,,7
"2018-05-03 05:27:18","coffee maker",,B078MVFD1G,GOSCIEN,,8
"2018-05-03 05:27:18","coffee maker",,B00008WU9F,BODUM,,9
"2018-05-03 05:27:18","coffee maker",,B0778WD88W,"Oliver James",,10
"2018-05-03 05:27:22","coffee maker",,B079L1KM89,MIULY,,11
"2018-05-03 05:27:22","coffee maker",,B01N2TZP8K,CoffeeZone,,12
"2018-05-03 05:27:22","coffee maker",,B075ZL4LP2,ZNZ,,13
"2018-05-03 05:27:41",nespresso,"Nespresso™ Coffee Machines - Discover Our Range",,"Nespresso™ UK",,1
"2018-05-03 05:26:22",nespresso,,B01ISP0KR6,NESPRESSO,,2
"2018-05-03 05:26:22",nespresso,,B00J4K3338,NESPRESSO,,3
"2018-05-03 05:26:22",nespresso,,B00T4GWHKM,NESPRESSO,,4
"2018-05-03 05:26:14",nespresso,,B00WR1U9YM,"Taylors of Harrogate",,5
"2018-05-03 05:26:22",nespresso,,B01IHRP8HW,NESPRESSO,,6
"2018-05-03 05:26:22",nespresso,,B075DL9FF6,NESPRESSO,,7
"2018-05-03 05:27:41",tassimo,,,,,1
"2018-05-03 05:26:26",tassimo,,B06XTP6JJ3,"CAFE CONCETTO",,2
"2018-05-03 05:26:26",tassimo,,B018BHRM1I,Tassimo,,3
"2018-05-03 05:26:26",tassimo,,B007GIBOTK,Tassimo,,4
"2018-05-03 05:26:26",tassimo,,B007GIBXB4,Tassimo,,5
"2018-05-03 05:26:26",tassimo,,B072L67CHB,Tassimo,,6
"2018-05-03 05:26:26",tassimo,,B01LZQ9K78,"Home Treats",,7
"2018-05-03 05:27:45","dolce gusto","Discover the range of Nescafe Dolce Gusto pods",,"Nescafé Dolce Gusto",,1
"2018-05-03 05:26:34","dolce gusto",,B01M5B2ZK2,NESCAFÉ,,2
"2018-05-03 05:26:34","dolce gusto",,B000ODS0GO,NESCAFÉ,,3
"2018-05-03 05:26:34","dolce gusto",,B007PRVFXC,NESCAFÉ,,4
"2018-05-03 05:26:34","dolce gusto",,B01N2W332W,Kealive,,5
"2018-05-03 05:26:34","dolce gusto",,B0083J60CW,NESCAFÉ,,6
"2018-05-03 05:26:30","dolce gusto",,B0170ALWUY,"E Bargains UK",,7
"2018-05-03 05:27:45","milk frother","Serious about coffee?",,Delonghi,,1
"2018-05-03 05:27:22","milk frother",,B06XRDFDW5,VAVA,,2
"2018-05-03 05:27:22","milk frother",,B073D7CWHV,SGCoffee,,3
"2018-05-03 05:27:22","milk frother",,B06Y38964R,Heska,,4
"2018-05-03 05:27:18","milk frother",,B078MVFD1G,GOSCIEN,,5
"2018-05-03 05:27:22","milk frother",,B01M9A7SE4,JoyFork,,6
"2018-05-03 05:27:22","milk frother",,B01IB8K5IO,Pyrus,,7
"2018-05-03 05:27:22","milk frother",,B06Y3FRDY7,Heska,,8
"2018-05-03 05:27:26","milk frother",,B072SVMBNJ,"Sweet Alice",,9
"2018-05-03 05:27:26","milk frother",,B06XXH6Z4D,Aicok,,10
"2018-05-03 05:27:26","milk frother",,B0791ZRRCD,RebirthTree,,11
"2018-05-03 05:27:26","milk frother",,B078MJ2DPT,Youda,,12
"2018-05-03 05:27:26","milk frother",,B079T97CY1,"Airo Coffee",,13
"2018-05-03 05:27:45","nespresso machine","Nespresso™ Coffee Machines - Discover Our Range",,"Nespresso™ UK",,1
"2018-05-03 05:26:22","nespresso machine",,B01ISP0KR6,NESPRESSO,,2
"2018-05-03 05:26:22","nespresso machine",,B00J4K3338,NESPRESSO,,3
"2018-05-03 05:26:22","nespresso machine",,B075DL9FF6,NESPRESSO,,4
"2018-05-03 05:27:26","nespresso machine",,B075GYWQMC,"CAFE CONCETTO",,5
"2018-05-03 05:27:26","nespresso machine",,B00WR1U9QU,"Taylors of Harrogate",,6
"2018-05-03 05:27:26","nespresso machine",,B01M32KXHV,X-Chef,,7
"2018-05-03 05:27:18","nespresso machine",,B01MA3UM2P,"Oomph Portable Coffee Maker",,8
"2018-05-03 05:27:26","nespresso machine",,B0771FYFT9,VBESTLIFE,,9
"2018-05-03 05:26:22","nespresso machine",,B01IHRP8HW,NESPRESSO,,10
"2018-05-03 05:27:30","nespresso machine",,B075DCKWSJ,NESPRESSO,,11
"2018-05-03 05:27:30","nespresso machine",,B01N6RT3HI,NESPRESSO,,12
"2018-05-03 05:27:30","nespresso machine",,B01N97DB4W,HiveNets,,13
"2018-05-03 05:27:45","espresso machine","Serious about coffee?",,Delonghi,,1
"2018-05-03 05:27:45","tassimo coffee machines","Serious about coffee?",,Delonghi,,1
"2018-05-03 05:26:30","tassimo coffee machines",,B001EOMZ5E,De'Longhi,,2
"2018-05-03 05:26:38","tassimo coffee machines",,B00I6E7CWG,De'Longhi,,3
"2018-05-03 05:27:35","tassimo coffee machines",,B073PWBMWK,HiveNets,,4
"2018-05-03 05:26:38","tassimo coffee machines",,B00MOIE1E2,De'Longhi,,5
"2018-05-03 05:27:10","tassimo coffee machines",,B01H8NRZBS,Moccamaster,,6
"2018-05-03 05:27:35","tassimo coffee machines",,B01MSNN50J,Kitchenista,,7
"2018-05-03 05:27:35","tassimo coffee machines",,B075TZZ2B5,KitchenAid,,8
"2018-05-03 05:27:35","tassimo coffee machines",,B019A2JQCQ,Kitchenista,,9
"2018-05-03 05:27:18","tassimo coffee machines",,B01AUH77K8,Excelvan,,10
"2018-05-03 05:27:18","tassimo coffee machines",,B01H8NRZB8,Moccamaster,,11
"2018-05-03 05:27:35","tassimo coffee machines",,B01LXJDMJU,Shark,,12
"2018-05-03 05:27:35","tassimo coffee machines",,B073FBN76R,Recaps,,13
"2018-05-03 05:27:45","dolce gusto coffee machines","Good strong coffee for your Dolce Gusto® machine",,Cafepod,,1
"2018-05-03 05:26:30","dolce gusto coffee machines",,B001EOMZ5E,De'Longhi,,2
"2018-05-03 05:26:34","dolce gusto coffee machines",,B01M5B2ZK2,NESCAFÉ,,3
"2018-05-03 05:27:35","dolce gusto coffee machines",,B000ODTUHW,NESCAFÉ,,4
"2018-05-03 05:27:35","dolce gusto coffee machines",,B004943NSO,NESCAFÉ,,5
"2018-05-03 05:26:34","dolce gusto coffee machines",,B0083J60CW,NESCAFÉ,,6
"2018-05-03 05:26:34","dolce gusto coffee machines",,B000ODS0GO,NESCAFÉ,,7
"2018-05-03 05:27:45","coffee pod machines","Serious about coffee?",,Delonghi,,1
"2018-05-03 05:27:35","coffee pod machines",,B073FBN76R,Recaps,,2
"2018-05-03 05:26:30","coffee pod machines",,B001EOMZ5E,De'Longhi,,3
"2018-05-03 05:26:34","coffee pod machines",,B01M5B2ZK2,NESCAFÉ,,4
"2018-05-03 05:26:38","coffee pod machines",,B00I6E7CWG,De'Longhi,,5
"2018-05-03 05:27:10","coffee pod machines",,B078BFQ11B,homgeek,,6
"2018-05-03 05:27:26","coffee pod machines",,B075GYWQMC,"CAFE CONCETTO",,7
"2018-05-03 05:27:45",lavazza,,,,,1
"2018-05-03 05:26:50",lavazza,,B078ZGRMSW,Lavazza,,2
"2018-05-03 05:26:50",lavazza,,B013CONRHI,Italcaffè,,3
"2018-05-03 05:26:50",lavazza,,B00H2HMSH2,PureGusto,,4
"2018-05-03 05:26:50",lavazza,,B013CKIMC2,"Italcaffè S.p.A.",,5
"2018-05-03 05:27:45","lavazza coffee machine","Serious about coffee?",,Delonghi,,1
"2018-05-03 05:27:38","lavazza coffee machine",,B00UDEQTSU,Lavazza,,2
"2018-05-03 05:26:30","lavazza coffee machine",,B001EOMZ5E,De'Longhi,,3
"2018-05-03 05:26:38","lavazza coffee machine",,B00I6E7CWG,De'Longhi,,4
"2018-05-03 05:26:38","lavazza coffee machine",,B00MOIE1E2,De'Longhi,,5
"2018-05-03 05:27:10","lavazza coffee machine",,B078BFQ11B,homgeek,,6
"2018-05-03 05:27:35","lavazza coffee machine",,B075TZZ2B5,KitchenAid,,7
"2018-05-03 05:27:45","coffee machine espresso","Serious about coffee?",,Delonghi,,1
"2018-05-03 05:27:18","coffee machine espresso",,B01AUH77K8,Excelvan,,2
"2018-05-03 05:26:30","coffee machine espresso",,B001EOMZ5E,De'Longhi,,3
"2018-05-03 05:26:38","coffee machine espresso",,B01MT6FGJG,bonVIVO,,4
"2018-05-03 05:26:38","coffee machine espresso",,B00I6E7CWG,De'Longhi,,5
"2018-05-03 05:26:38","coffee machine espresso",,B00MOIE1E2,De'Longhi,,6
"2018-05-03 05:27:35","coffee machine espresso",,B075TZZ2B5,KitchenAid,,7
"2018-05-03 05:27:47","nespresso milk frother","Nespresso™ Coffee Machines - Discover Our Range",,"Nespresso™ UK",,1
"2018-05-03 05:26:22","nespresso milk frother",,B01ISP0KR6,NESPRESSO,,2
"2018-05-03 05:27:30","nespresso milk frother",,B01N6RT3HI,NESPRESSO,,3
"2018-05-03 05:27:18","nespresso milk frother",,B078MVFD1G,GOSCIEN,,4
"2018-05-03 05:27:38","nespresso milk frother",,B06WWNY55G,NESPRESSO,,5
"2018-05-03 05:26:22","nespresso milk frother",,B01IHRP8HW,NESPRESSO,,6
"2018-05-03 05:27:38","nespresso milk frother",,B01IHRLMAE,NESPRESSO,,7
"2018-05-03 05:27:47","milk frother electric","Serious about coffee?",,Delonghi,,1
"2018-05-03 05:27:22","milk frother electric",,B06XRDFDW5,VAVA,,2
"2018-05-03 05:27:22","milk frother electric",,B073D7CWHV,SGCoffee,,3
"2018-05-03 05:27:18","milk frother electric",,B078MVFD1G,GOSCIEN,,4
"2018-05-03 05:27:22","milk frother electric",,B01IB8K5IO,Pyrus,,5
"2018-05-03 05:27:26","milk frother electric",,B06XXH6Z4D,Aicok,,6
"2018-05-03 05:27:22","milk frother electric",,B06Y38964R,Heska,,7
"2018-05-03 05:27:47","coffee machine with milk frother",,,,,1
"2018-05-03 05:26:30","coffee machine with milk frother",,B001EOMZ5E,De'Longhi,,2
"2018-05-03 05:27:22","coffee machine with milk frother",,B06XRDFDW5,VAVA,,3
"2018-05-03 05:27:18","coffee machine with milk frother",,B01AUH77K8,Excelvan,,4
"2018-05-03 05:26:38","coffee machine with milk frother",,B00I6E7CWG,De'Longhi,,5
"2018-05-03 05:27:38","coffee machine with milk frother",,B074J5W6ZD,"Andrew James",,6
"2018-05-03 05:27:42","coffee machine with milk frother",,B01L44GNCO,720°DGREE,,7
"2018-05-03 05:27:47",illy,"Upgrade to Aromistico, Artisan Coffee Beans",,Aromistico,,1
"2018-05-03 05:27:47","lavazza a modo mio",,,,,1
"2018-05-03 05:26:50","lavazza a modo mio",,B00VTQVV02,"La Compatibile.it",,2
"2018-05-03 05:27:02","lavazza a modo mio",,B00UDEQOEE,AEG,,3
"2018-05-03 05:27:02","lavazza a modo mio",,B00VTQVFBM,"La Compatibile.it",,4
"2018-05-03 05:27:02","lavazza a modo mio",,B00VTQVPTE,"La Compatibile.it",,5
"2018-05-03 05:27:02","lavazza a modo mio",,B00ZPJKA2Y,Lavazza,,6
"2018-05-03 05:27:02","lavazza a modo mio",,B00VTQVNH8,"La Compatibile.it",,7
"2018-05-03 05:27:47","lavazza milk frother","Choose your perfect milk frother",,Ventuci,,1
"2018-05-03 05:27:18","lavazza milk frother",,B078MVFD1G,GOSCIEN,,2
"2018-05-03 05:27:22","lavazza milk frother",,B06XRDFDW5,VAVA,,3
"2018-05-03 05:27:38","lavazza milk frother",,B074J5W6ZD,"Andrew James",,4
"2018-05-03 05:27:22","lavazza milk frother",,B01IB8K5IO,Pyrus,,5
"2018-05-03 05:27:22","lavazza milk frother",,B06Y38964R,Heska,,6
"2018-05-03 05:27:42","lavazza milk frother",,B01HTPK8S2,"Sensio Home",,7
"2018-05-03 05:27:47","lavazza espresso machine","Serious about coffee?",,Delonghi,,1
"2018-05-03 05:26:38","lavazza espresso machine",,B01MT6FGJG,bonVIVO,,2
"2018-05-03 05:26:30","lavazza espresso machine",,B001EOMZ5E,De'Longhi,,3
"2018-05-03 05:26:38","lavazza espresso machine",,B00I6E7CWG,De'Longhi,,4
"2018-05-03 05:27:18","lavazza espresso machine",,B01AUH77K8,Excelvan,,5
"2018-05-03 05:26:38","lavazza espresso machine",,B00MOIE1E2,De'Longhi,,6
"2018-05-03 05:26:38","lavazza espresso machine",,B00P580MDC,Lavazza,,7
"2018-05-03 05:27:47","a modo mio",,,,,1
"2018-05-03 05:26:57","a modo mio",,B079L7TY8Q,Torrisi,,2
"2018-05-03 05:27:06","a modo mio",,B075QJDPLG,"Caffè Carbonelli",,3
"2018-05-03 05:27:06","a modo mio",,B075XP37VB,Torrisi,,4
"2018-05-03 05:27:06","a modo mio",,B0756KRXX5,"BaristaItaliano UK",,5
"2018-05-03 05:27:10","a modo mio",,B076SJC1JB,"Magic Hue",,6
"2018-05-03 05:27:10","a modo mio",,B074HBDT2Z,"Caffè H24",,7
"2018-05-03 05:27:47","lavazza a modo mio coffee machine","Andrew James Coffee Making Machines",,"Andrew James",,1
"2018-05-03 05:27:02","lavazza a modo mio coffee machine",,B00UDEQOEE,AEG,,2
"2018-05-03 05:26:30","lavazza a modo mio coffee machine",,B001EOMZ5E,De'Longhi,,3
"2018-05-03 05:26:50","lavazza a modo mio coffee machine",,B00VTQVV02,"La Compatibile.it",,4
"2018-05-03 05:27:38","lavazza a modo mio coffee machine",,B00UDEQTSU,Lavazza,,5
"2018-05-03 05:27:35","lavazza a modo mio coffee machine",,B01LXJDMJU,Shark,,6
"2018-05-03 05:27:42","lavazza a modo mio coffee machine",,B000BZ6BXE,BODUM,,7
"2018-05-03 05:27:47","nespresso capsules","New Nespresso™ Vertuo. Coffee redefined.",,"Nespresso™ UK",,1
"2018-05-03 05:26:14","nespresso capsules",,B00WR1U9YM,"Taylors of Harrogate",,2
"2018-05-03 05:26:14","nespresso capsules",,B01MS3FCZ8,"Viaggio Espresso",,3
"2018-05-03 05:26:14","nespresso capsules",,B0716ZL29F,"Real Coffee",,4
"2018-05-03 05:27:50","nespresso capsules",,B078W55YB5,"NO LABEL",,5
"2018-05-03 05:27:50","nespresso capsules",,B073PHTG4G,FUDI&Co,,6
"2018-05-03 05:27:50","nespresso capsules",,B00WR1U9Y2,"Taylors of Harrogate",,7
"2018-05-03 05:27:49",coffee,"Discover the full range of Dolce Gusto coffee pods",,"Nescafé Dolce Gusto",,1
"2018-05-03 05:26:14",coffee,,B00NHXH8D4,NESCAFÉ,,2
"2018-05-03 05:26:14",coffee,,B079211F5P,NESCAFÉ,,3
"2018-05-03 05:26:18",coffee,,B072ZSBG7Q,NESCAFÉ,,4
"2018-05-03 05:26:18",coffee,,B071ZQ6QNG,"Coffee Globetrotter",,5
"2018-05-03 05:26:18",coffee,,B077KSJR9Y,Starbucks,,6
"2018-05-03 05:26:18",coffee,,B077GXSM22,SACRED,,7
"2018-05-03 05:26:18",coffee,,B001SEQMCM,NESCAFÉ,,8
"2018-05-03 05:26:18",coffee,,B074KDMSN4,NESCAFÉ,,9
"2018-05-03 05:26:18",coffee,,B072ZTD13C,NESCAFÉ,,10
"2018-05-03 05:27:49",starbucks,"Discover our range",,Starbucks,,1
"2018-05-03 05:26:18",starbucks,,B077KSJR9Y,Starbucks,,2
"2018-05-03 05:26:18",starbucks,,B077QK7CPQ,Starbucks,,3
"2018-05-03 05:26:22",starbucks,,B077L2NBHH,Starbucks,,4
"2018-05-03 05:26:22",starbucks,,B00KSZB902,Starbucks,,5
"2018-05-03 05:26:22",starbucks,,B077L2HX6L,Starbucks,,6
"2018-05-03 05:26:22",starbucks,,B077Q5B12G,Starbucks,,7
"2018-05-03 05:27:49",nespresso,"Nespresso™ Coffee Machines - Discover Our Range",,"Nespresso™ UK",,1
"2018-05-03 05:26:22",nespresso,,B01ISP0KR6,NESPRESSO,,2
"2018-05-03 05:26:22",nespresso,,B00J4K3338,NESPRESSO,,3
"2018-05-03 05:26:22",nespresso,,B00T4GWHKM,NESPRESSO,,4
"2018-05-03 05:26:14",nespresso,,B00WR1U9YM,"Taylors of Harrogate",,5
"2018-05-03 05:26:22",nespresso,,B01IHRP8HW,NESPRESSO,,6
"2018-05-03 05:26:22",nespresso,,B075DL9FF6,NESPRESSO,,7
"2018-05-03 05:27:49",tassimo,,,,,1
"2018-05-03 05:26:26",tassimo,,B06XTP6JJ3,"CAFE CONCETTO",,2
"2018-05-03 05:26:26",tassimo,,B018BHRM1I,Tassimo,,3
"2018-05-03 05:26:26",tassimo,,B007GIBOTK,Tassimo,,4
"2018-05-03 05:26:26",tassimo,,B007GIBXB4,Tassimo,,5
"2018-05-03 05:26:26",tassimo,,B072L67CHB,Tassimo,,6
"2018-05-03 05:26:26",tassimo,,B01LZQ9K78,"Home Treats",,7
"2018-05-03 05:27:49","tassimo pods","Tassimo Coffee Pod Holders & Descaling Tablets",,Qualtex,,1
"2018-05-03 05:26:26","tassimo pods",,B0797WF7K4,"Tassimo Tdiscs",,2
"2018-05-03 05:26:26","tassimo pods",,B0797WXZJL,"Tassimo Tdiscs",,3
"2018-05-03 05:26:30","tassimo pods",,B0797YGK95,"Tassimo Tdiscs",,4
"2018-05-03 05:26:30","tassimo pods",,B077KH5ZBN,"Caffè di Artisan",,5
"2018-05-03 05:26:30","tassimo pods",,B00OA8J8AG,"The London Tea Company",,6
"2018-05-03 05:27:50","tassimo pods",,B071YVMPDV,"Real Coffee",,7
"2018-05-03 05:26:30","tassimo pods",,B072Q7K86H,Tassimo,,8
"2018-05-03 05:26:26","tassimo pods",,B018BHRM1I,Tassimo,,9
"2018-05-03 05:26:30","tassimo pods",,B00MFLXOAU,Tassimo,,10
"2018-05-03 05:27:49","costa coffee","Discover our range",,Starbucks,,1
"2018-05-03 05:26:30","costa coffee",,B076F8GBYD,202Prints,,2
"2018-05-03 05:26:30","costa coffee",,B001EOMZ5E,De'Longhi,,3
"2018-05-03 05:26:30","costa coffee",,B0170ALWUY,"E Bargains UK",,4
"2018-05-03 05:26:34","costa coffee",,B01ETJD79S,,,5
"2018-05-03 05:26:34","costa coffee",,B06XTS3LGG,"S SANTECO",,6
"2018-05-03 05:26:34","costa coffee",,B06Y4465TC,SENHAI,,7
"2018-05-03 05:27:53","dolce gusto","Discover the range of Nescafe Dolce Gusto pods",,"Nescafé Dolce Gusto",,1
"2018-05-03 05:26:34","dolce gusto",,B01M5B2ZK2,NESCAFÉ,,2
"2018-05-03 05:26:34","dolce gusto",,B000ODS0GO,NESCAFÉ,,3
"2018-05-03 05:26:34","dolce gusto",,B007PRVFXC,NESCAFÉ,,4
"2018-05-03 05:26:34","dolce gusto",,B01N2W332W,Kealive,,5
"2018-05-03 05:26:34","dolce gusto",,B0083J60CW,NESCAFÉ,,6
"2018-05-03 05:26:30","dolce gusto",,B0170ALWUY,"E Bargains UK",,7
"2018-05-03 05:27:53","dolce gusto pods","Discover the range of Nescafe Dolce Gusto pods",,"Nescafé Dolce Gusto",,1
"2018-05-03 05:26:38","dolce gusto pods",,B075N7ZKVP,"Docle Gusto",,2
"2018-05-03 05:26:14","dolce gusto pods",,B079211F5P,NESCAFÉ,,3
"2018-05-03 05:26:18","dolce gusto pods",,B001SEQMCM,NESCAFÉ,,4
"2018-05-03 05:26:38","dolce gusto pods",,B074P5WN7T,"Café Royal",,5
"2018-05-03 05:26:18","dolce gusto pods",,B074KDMSN4,NESCAFÉ,,6
"2018-05-03 05:26:18","dolce gusto pods",,B072ZTD13C,NESCAFÉ,,7
"2018-05-03 05:27:53",espresso,"Upgrade your coffee to an Italian experience",,Aromistico,,1
"2018-05-03 05:26:38",espresso,,B01MT6FGJG,bonVIVO,,2
"2018-05-03 05:26:30",espresso,,B001EOMZ5E,De'Longhi,,3
"2018-05-03 05:26:38",espresso,,B00I6E7CWG,De'Longhi,,4
"2018-05-03 05:26:38",espresso,,B00MOIE1E2,De'Longhi,,5
"2018-05-03 05:26:38",espresso,,B01JM3D70A,Vremi,,6
"2018-05-03 05:26:38",espresso,,B00P580MDC,Lavazza,,7
"2018-05-03 05:27:53","coffee beans","Upgrade to Aromistico, Artisan Coffee Beans",,Aromistico,,1
"2018-05-03 05:26:38","coffee beans",,B00OJ9WEOI,"Brown Bear",,2
"2018-05-03 05:26:42","coffee beans",,B00GM42SS0,"Gimoka Coffee UK",,3
"2018-05-03 05:26:42","coffee beans",,B071D45X7G,"BaristaItaliano UK",,4
"2018-05-03 05:26:42","coffee beans",,B00V3T9DSC,"Brown Bear",,5
"2018-05-03 05:26:18","coffee beans",,B077GXSM22,SACRED,,6
"2018-05-03 05:26:42","coffee beans",,B01M11QTZJ,"Good Life Coffee",,7
"2018-05-03 05:26:42","coffee beans",,B0081R32FY,"The coffee and tea company",,8
"2018-05-03 05:26:42","coffee beans",,B0759J7GF5,UCC,,9
"2018-05-03 05:26:42","coffee beans",,B01M0FEX4U,"Good Life Coffee",,10
"2018-05-03 05:27:53","coffee pods",,,,,1
"2018-05-03 05:26:18","coffee pods",,B072ZSBG7Q,NESCAFÉ,,2
"2018-05-03 05:26:14","coffee pods",,B079211F5P,NESCAFÉ,,3
"2018-05-03 05:26:42","coffee pods",,B0152XR7W8,NESCAFÉ,,4
"2018-05-03 05:26:18","coffee pods",,B077KSJR9Y,Starbucks,,5
"2018-05-03 05:26:18","coffee pods",,B072ZTD13C,NESCAFÉ,,6
"2018-05-03 05:26:46","coffee pods",,B0151ID97Q,NESCAFÉ,,7
"2018-05-03 05:27:53","lavazza coffee pod","Discover our range",,Starbucks,,1
"2018-05-03 05:26:46","lavazza coffee pod",,B00T6M5E4U,cialdissima,,2
"2018-05-03 05:26:18","lavazza coffee pod",,B001SEQMCM,NESCAFÉ,,3
"2018-05-03 05:26:18","lavazza coffee pod",,B072ZSBG7Q,NESCAFÉ,,4
"2018-05-03 05:26:14","lavazza coffee pod",,B00NHXH8D4,NESCAFÉ,,5
"2018-05-03 05:26:18","lavazza coffee pod",,B072ZTD13C,NESCAFÉ,,6
"2018-05-03 05:26:18","lavazza coffee pod",,B077KSJR9Y,Starbucks,,7
"2018-05-03 05:27:53","ground coffee","Discover the Nescafé Gold Blend Store.",,Nescafé,,1
"2018-05-03 05:26:46","ground coffee",,B00LJ1PWOI,"White Blend",,2
"2018-05-03 05:26:46","ground coffee",,B07B6RPKC9,"Fantastic Flavoured Coffee Co.",,3
"2018-05-03 05:26:46","ground coffee",,B0062YA2W4,Cafédirect,,4
"2018-05-03 05:26:18","ground coffee",,B077GXSM22,SACRED,,5
"2018-05-03 05:26:46","ground coffee",,B0733676D5,Cafédirect,,6
"2018-05-03 05:26:46","ground coffee",,B0062Y9ZXG,Cafédirect,,7
"2018-05-03 05:26:46","ground coffee",,B07B6RB11P,"Fantastic Flavoured Coffee Co.",,8
"2018-05-03 05:26:50","ground coffee",,B014H6F13I,"White Blend",,9
"2018-05-03 05:26:18","ground coffee",,B071ZQ6QNG,"Coffee Globetrotter",,10
"2018-05-03 05:27:53",lavazza,,,,,1
"2018-05-03 05:26:50",lavazza,,B078ZGRMSW,Lavazza,,2
"2018-05-03 05:26:50",lavazza,,B013CONRHI,Italcaffè,,3
"2018-05-03 05:26:50",lavazza,,B00H2HMSH2,PureGusto,,4
"2018-05-03 05:26:50",lavazza,,B013CKIMC2,"Italcaffè S.p.A.",,5
"2018-05-03 05:27:53","lavazza coffee","UK's Strongest Coffee - Strong Ground Coffee Beans",,"Sons of Amazon Strong and Fair",,1
"2018-05-03 05:26:50","lavazza coffee",,B078ZGRMSW,Lavazza,,2
"2018-05-03 05:26:50","lavazza coffee",,B00VTQVV02,"La Compatibile.it",,3
"2018-05-03 05:26:18","lavazza coffee",,B077GXSM22,SACRED,,4
"2018-05-03 05:26:22","lavazza coffee",,B077L2HX6L,Starbucks,,5
"2018-05-03 05:26:50","lavazza coffee",,B01LXY47D4,Starbucks,,6
"2018-05-03 05:26:54","lavazza coffee",,B000FWHWGI,Lavazza,,7
"2018-05-03 05:27:53","coffee lavazza","UK's Strongest Coffee - Strong Ground Coffee Beans",,"Sons of Amazon Strong and Fair",,1
"2018-05-03 05:26:50","coffee lavazza",,B078ZGRMSW,Lavazza,,2
"2018-05-03 05:26:50","coffee lavazza",,B00VTQVV02,"La Compatibile.it",,3
"2018-05-03 05:26:18","coffee lavazza",,B077GXSM22,SACRED,,4
"2018-05-03 05:26:22","coffee lavazza",,B077L2HX6L,Starbucks,,5
"2018-05-03 05:26:50","coffee lavazza",,B01LXY47D4,Starbucks,,6
"2018-05-03 05:26:54","coffee lavazza",,B000FWHWGI,Lavazza,,7
"2018-05-03 05:27:55","instant coffee","Discover the Nescafé Gold Blend Store.",,Nescafé,,1
"2018-05-03 05:26:54","instant coffee",,B01LXMHCM3,Fresco,,2
"2018-05-03 05:26:54","instant coffee",,B01B4ZEYSS,NESCAFÉ,,3
"2018-05-03 05:26:54","instant coffee",,B073FBDJSG,G7,,4
"2018-05-03 05:26:18","instant coffee",,B001SEQMCM,NESCAFÉ,,5
"2018-05-03 05:26:54","instant coffee",,B00J8UZ3PU,INNOCENTE,,6
"2018-05-03 05:26:54","instant coffee",,B01B4NQ7SK,"NESCAFÉ Collections",,7
"2018-05-03 05:26:30","instant coffee",,B077KH5ZBN,"Caffè di Artisan",,8
"2018-05-03 05:26:30","instant coffee",,B077SMB92J,"Caffè di Artisan",,9
"2018-05-03 05:26:54","instant coffee",,B01B4ZPTSM,NESCAFÉ,,10
"2018-05-03 05:27:55","lavazza coffee beans","Serious about coffee?",,Delonghi,,1
"2018-05-03 05:26:50","lavazza coffee beans",,B078ZGRMSW,Lavazza,,2
"2018-05-03 05:26:38","lavazza coffee beans",,B00OJ9WEOI,"Brown Bear",,3
"2018-05-03 05:26:57","lavazza coffee beans",,B00QQB85Y0,"Taylors of Harrogate",,4
"2018-05-03 05:26:57","lavazza coffee beans",,B01N384NDK,"Good Life Coffee",,5
"2018-05-03 05:26:42","lavazza coffee beans",,B00GM42SS0,"Gimoka Coffee UK",,6
"2018-05-03 05:26:42","lavazza coffee beans",,B0081R32FY,"The coffee and tea company",,7
"2018-05-03 05:27:55","coffee capsule","Discover the full range of Dolce Gusto coffee pods",,"Nescafé Dolce Gusto",,1
"2018-05-03 05:26:18","coffee capsule",,B072ZSBG7Q,NESCAFÉ,,2
"2018-05-03 05:26:57","coffee capsule",,B079L6W4MJ,Torrisi,,3
"2018-05-03 05:26:14","coffee capsule",,B0716ZL29F,"Real Coffee",,4
"2018-05-03 05:26:18","coffee capsule",,B001SEQMCM,NESCAFÉ,,5
"2018-05-03 05:27:55",illy,"Upgrade to Aromistico, Artisan Coffee Beans",,Aromistico,,1
"2018-05-03 05:27:55","lavazza capsules",,,,,1
"2018-05-03 05:26:57","lavazza capsules",,B007HI6L2O,"Gimoka Coffee UK",,2
"2018-05-03 05:26:50","lavazza capsules",,B00VTQVV02,"La Compatibile.it",,3
"2018-05-03 05:26:22","lavazza capsules",,B077L2HX6L,Starbucks,,4
"2018-05-03 05:26:57","lavazza capsules",,B079L7TY8Q,Torrisi,,5
"2018-05-03 05:26:57","lavazza capsules",,B00MXKBXXS,Gourmesso,,6
"2018-05-03 05:26:50","lavazza capsules",,B01LXY47D4,Starbucks,,7
"2018-05-03 05:27:55","lavazza a modo mio",,,,,1
"2018-05-03 05:26:50","lavazza a modo mio",,B00VTQVV02,"La Compatibile.it",,2
"2018-05-03 05:27:02","lavazza a modo mio",,B00UDEQOEE,AEG,,3
"2018-05-03 05:27:02","lavazza a modo mio",,B00VTQVFBM,"La Compatibile.it",,4
"2018-05-03 05:27:02","lavazza a modo mio",,B00VTQVPTE,"La Compatibile.it",,5
"2018-05-03 05:27:02","lavazza a modo mio",,B00ZPJKA2Y,Lavazza,,6
"2018-05-03 05:27:02","lavazza a modo mio",,B00VTQVNH8,"La Compatibile.it",,7
"2018-05-03 05:27:55","lavazza pods",,,,,1
"2018-05-03 05:27:02","lavazza pods",,B00KJW40F0,"Lavazza A Modo Mio",,2
"2018-05-03 05:26:50","lavazza pods",,B013CONRHI,Italcaffè,,3
"2018-05-03 05:27:02","lavazza pods",,B074HCT3NB,"Real Coffee",,4
"2018-05-03 05:27:06","lavazza pods",,B0756KRXX5,"BaristaItaliano UK",,5
"2018-05-03 05:27:06","lavazza pods",,B01EX39GMM,"Caffè H24",,6
"2018-05-03 05:27:56","lavazza pods",,B075QGXZQZ,"Caffè Carbonelli",,7
"2018-05-03 05:27:55","lavazza ground coffee","Premium Italian artisan handroasted ground coffees",,Aromistico,,1
"2018-05-03 05:26:18","lavazza ground coffee",,B077GXSM22,SACRED,,2
"2018-05-03 05:26:18","lavazza ground coffee",,B071ZQ6QNG,"Coffee Globetrotter",,3
"2018-05-03 05:27:06","lavazza ground coffee",,B0053D0X4W,"Weasel Premium Vietnamese Coffees",,4
"2018-05-03 05:27:06","lavazza ground coffee",,B019EB0AMS,"Café Saula",,5
"2018-05-03 05:26:22","lavazza ground coffee",,B077L2HX6L,Starbucks,,6
"2018-05-03 05:27:56","lavazza ground coffee",,B079RMJQQC,"Italy in a Break",,7
"2018-05-03 05:27:59","a modo mio",,,,,1
"2018-05-03 05:26:57","a modo mio",,B079L7TY8Q,Torrisi,,2
"2018-05-03 05:27:06","a modo mio",,B075QJDPLG,"Caffè Carbonelli",,3
"2018-05-03 05:27:06","a modo mio",,B075XP37VB,Torrisi,,4
"2018-05-03 05:27:06","a modo mio",,B0756KRXX5,"BaristaItaliano UK",,5
"2018-05-03 05:27:10","a modo mio",,B076SJC1JB,"Magic Hue",,6
"2018-05-03 05:27:10","a modo mio",,B074HBDT2Z,"Caffè H24",,7
"2018-05-03 05:27:59","lavazza instant coffee","Discover the Nescafé Gold Blend Store.",,Nescafé,,1
"2018-05-03 05:26:18","lavazza instant coffee",,B077GXSM22,SACRED,,2
"2018-05-03 05:26:18","lavazza instant coffee",,B001SEQMCM,NESCAFÉ,,3
"2018-05-03 05:27:10","lavazza instant coffee",,B073J8LJKT,Alicafe,,4
"2018-05-03 05:27:10","lavazza instant coffee",,B073F5FD46,G7,,5
"2018-05-03 05:26:22","lavazza instant coffee",,B077L2HX6L,Starbucks,,6
"2018-05-03 05:26:50","lavazza instant coffee",,B01LXY47D4,Starbucks,,7
"2018-05-03 05:27:59","watch men","Lets go diving,with our choicest divers watches",,"Stuhrling Original",,1
"2018-05-03 05:27:59",watch,,,,,1
"2018-05-03 05:27:59","watch ladies","Scandinavian Watches Designed by Jakob Wagner",,Nordgreen,,1
"2018-05-03 05:28:01","watch ladies",,B07798SVY9,,,2
"2018-05-03 05:28:01","watch ladies",,B078NSHTSK,devekop,,3
"2018-05-03 05:28:01","watch ladies",,B01C34XUB6,"Daniel Wellington",,4
"2018-05-03 05:28:01","watch ladies",,B01N26G681,Skagen,,5
"2018-05-03 05:27:59","watch womens","Scandinavian Watches Designed by Jakob Wagner",,Nordgreen,,1
"2018-05-03 05:28:05","watch womens",,B07BHY1Z71,Rotary,,2
"2018-05-03 05:28:05","watch womens",,B01NA8YLSO,Rotary,,3
"2018-05-03 05:28:01","watch womens",,B01C34XUB6,"Daniel Wellington",,4
"2018-05-03 05:28:05","watch womens",,B078Q4TVG2,"Emelia Monier",,5
"2018-05-03 05:28:03","watch casio","Cressi Traveler Dual Time water resistant watch",,"Cressi UK",,1
"2018-05-03 05:28:05","watch casio",,B075YC5G1R,MEGALITH,,2
"2018-05-03 05:28:05","watch casio",,B0761J271J,FIZILI,,3
"2018-05-03 05:28:05","watch casio",,B00ANH63VA,Infantry,,4
"2018-05-03 05:28:05","watch casio",,B015NKHXLU,"Barton Watch Bands",,5
"2018-05-03 05:28:05","watch casio",,B074DSSK4V,Bigeagle,,6
"2018-05-03 05:28:05","watch casio",,B01GEW88QA,CIVO,,7
"2018-05-03 05:28:07",fossil,"When design meets technology",,Fossil,,1
"2018-05-03 05:28:09",fossil,,9980452129,SilverGeo,,2
"2018-05-03 05:28:09",fossil,,9980454261,ukge,,3
"2018-05-03 05:28:09",fossil,,B01N02SB7N,"Fossil Cavern",,4
"2018-05-03 05:28:09",fossil,,B0160JBS5K,"National Geographic",,5
"2018-05-03 05:28:09",fossil,,998045458X,UKGE,,6
"2018-05-03 05:28:09",fossil,,9980454229,UKGE,,7
"2018-05-03 05:28:07","daniel wellington",,,,,1
"2018-05-03 05:28:09","daniel wellington",,B01GYKVEPY,GEMONY,,2
"2018-05-03 05:28:09","daniel wellington",,B01KD8JCBG,"Barton Watch Bands",,3
"2018-05-03 05:28:13","daniel wellington",,B01GYHEZEY,GEMONY,,4
"2018-05-03 05:28:13","daniel wellington",,B074XT2H4P,MEGALITH,,5
"2018-05-03 05:28:13","daniel wellington",,B01GYL5FKI,GEMONY,,6
"2018-05-03 05:28:13","daniel wellington",,B01GYO2X5U,GEMONY,,7
"2018-05-03 05:28:11","watch for boys","Running Watches from Polar",,"Polar ",,1
"2018-05-03 05:28:13","watch for boys",,B0777HYSWS,VenSten,,2
"2018-05-03 05:28:13","watch for boys",,B07B7LCLPX,Meetyoo,,3
"2018-05-03 05:28:13","watch for boys",,B07BPT21ZM,Meetyoo,,4
"2018-05-03 05:28:13","watch for boys",,B07142WHCQ,FIZILI,,5
"2018-05-03 05:28:13","watch for boys",,B072JC5M94,VenSten,,6
"2018-05-03 05:28:17","watch for boys",,B07B7KT7HF,Meetyoo,,7
"2018-05-03 05:28:15","watch for girl","Cute Watch for Girls",,"DREAMING Q&P",,1
"2018-05-03 05:28:17","watch for girl",,B0772GW473,VenSten,,2
"2018-05-03 05:28:17","watch for girl",,B0199ZEGNS,"Jo for Girls",,3
"2018-05-03 05:28:17","watch for girl",,B0772K2K9Z,VenSten,,4
"2018-05-03 05:28:17","watch for girl",,B06Y2WB62M,FIZILI,,5
"2018-05-03 05:28:17","watch for girl",,B01IH2K1XI,Zeiger,,6
"2018-05-03 05:28:17","watch for girl",,B0124CT534,Relda,,7
"2018-05-03 05:28:15",swatch,,,,,1
"2018-05-03 05:28:15",tissot,,,,,1
"2018-05-03 05:28:21",tissot,,B01GQTWL5U,"Henry Jay",,2
"2018-05-03 05:28:21",tissot,,B072N661WP,"Henry Jay",,3
"2018-05-03 05:28:21",tissot,,B000HDBBJY,Tissot,,4
"2018-05-03 05:28:21",tissot,,B01N7QIT9N,"Henry Jay",,5
"2018-05-03 05:28:19","ice watch","Cressi Traveler Dual Time water resistant watch",,"Cressi UK",,1
"2018-05-03 05:28:21","ice watch",,B005KOZN8K,"Just Cavalli",,2
"2018-05-03 05:28:21","ice watch",,B01M2A05SL,"Rainbow e-motion of color",,3
"2018-05-03 05:28:21","ice watch",,B01BZFS1EA,BOOLAVARD,,4
"2018-05-03 05:28:21","ice watch",,B01E9DIQU4,"Timothy Stone",,5
"2018-05-03 05:28:21","ice watch",,B071JBHSS7,MAMONA,,6
"2018-05-03 05:28:25","ice watch",,B0769M46PB,"Nokia health",,7
"2018-05-03 05:28:23","watch waterproof","Running Watches from Polar",,"Polar ",,1
"2018-05-03 05:28:23","automatic watch",,,,,1
"2018-05-03 05:28:25","automatic watch",,B072J9734S,INTEY,,2
"2018-05-03 05:28:25","automatic watch",,B00JUBLW98,"Porsamo Bleu",,3
"2018-05-03 05:28:25","automatic watch",,B01KHZHJRY,"Axis Watches",,4
"2018-05-03 05:28:25","automatic watch",,B00W7CNKJC,"James McCabe",,5
"2018-05-03 05:28:25","automatic watch",,B073TYHFSF,Spinnaker,,6
"2018-05-03 05:28:25","automatic watch",,B073TZ5ZW2,Spinnaker,,7
"2018-05-03 05:28:05","automatic watch",,B075YC5G1R,MEGALITH,,8
"2018-05-03 05:28:25","automatic watch",,B00I6JGXCQ,"Raymond Weil",,9
"2018-05-03 05:28:27","watch leather strap","Scandinavian Watches by Bang & Olufsen Designer",,Nordgreen,,1
"2018-05-03 05:28:27","superdry watch","Cressi Traveler Dual Time water resistant watch",,"Cressi UK",,1
"2018-05-03 05:28:05","superdry watch",,B074DSSK4V,Bigeagle,,2
"2018-05-03 05:28:29","superdry watch",,B075ZM85B9,BIDEN,,3
"2018-05-03 05:28:29","superdry watch",,B00ZO6G9DM,"Barton Watch Bands",,4
"2018-05-03 05:28:29","superdry watch",,B06Y2ZD2CD,FIZILI,,5
"2018-05-03 05:28:21","superdry watch",,B01GQTWL5U,"Henry Jay",,6
"2018-05-03 05:28:29","superdry watch",,B07172ZDFW,ETEVON,,7
"2018-05-03 05:28:29","superdry watch",,B00JTYLQ5Q,"Rainbow e-motion of color",,8
"2018-05-03 05:28:29","superdry watch",,B01N99FND3,CIVO,,9
"2018-05-03 05:28:29","superdry watch",,B076DYZPPX,NUOVO,,10
"2018-05-03 05:28:29","superdry watch",,B01MSR7WLQ,CIVO,,11
"2018-05-03 05:28:33","superdry watch",,B0744G6SPL,BIDEN,,12
"2018-05-03 05:28:33","superdry watch",,B00TZKVGX6,Shark,,13
"2018-05-03 05:28:31","watch quartz","Scandinavian Watches by Bang & Olufsen Designer",,Nordgreen,,1
"2018-05-03 05:28:33","watch quartz",,B07C534R47,MUJUZE,,2
"2018-05-03 05:28:33","watch quartz",,B06Y39FWCN,Vincero,,3
"2018-05-03 05:28:33","watch quartz",,B072BH1VS7,CITYWATCH,,4
"2018-05-03 05:28:33","watch quartz",,B01N4OQXVE,"DISTRICT LDN",,5
"2018-05-03 05:28:31","breil watch","Cressi Traveler Dual Time water resistant watch",,"Cressi UK",,1
"2018-05-03 05:28:33","breil watch",,B075NTFFN7,Breil,,2
"2018-05-03 05:28:33","breil watch",,B0796VTWF6,Breil,,3
"2018-05-03 05:28:37","breil watch",,B077QD3PVP,"ASWAN Watch",,4
"2018-05-03 05:28:37","breil watch",,B01EX76YN2,Breil,,5
"2018-05-03 05:28:37","breil watch",,B01EX7704E,Breil,,6
"2018-05-03 05:28:37","breil watch",,B01N13JAXJ,Breil,,7
"2018-05-03 05:28:35",breil,,,,,1
"2018-05-03 05:28:37",breil,,B008BHA49Q,Breil,,2
"2018-05-03 05:28:37",breil,,B007TK679W,Breil,,3
"2018-05-03 05:28:35","hip hop watch",,,,,1
"2018-05-03 05:28:37","hip hop watch",,B01ALKI0H8,JewelryWe,,2
"2018-05-03 05:28:37","hip hop watch",,B003UZBULA,"Hip Hop",,3
"2018-05-03 05:28:41","hip hop watch",,B01EX76TFA,"Hip Hop",,4
"2018-05-03 05:28:41","hip hop watch",,B00CHNP7YC,"Hip Hop",,5
"2018-05-03 05:28:41","hip hop watch",,B01MSE48IF,"Hip Hop",,6
"2018-05-03 05:28:41","hip hop watch",,B0764G8SG4,"Bling Bling Online",,7
"2018-05-03 05:28:39","teeth whitener","Buy 100% Natural Teeth Whitening Powder That Works",,PROCOAL,,1
"2018-05-03 05:28:41","teeth whitener",,B01JGFY9D8,PROCOAL,,2
"2018-05-03 05:28:41","teeth whitener",,B0748KS2TG,Groomarang,,3
"2018-05-03 05:28:41","teeth whitener",,B078TKVR8G,"Coco Smile",,4
"2018-05-03 05:28:41","teeth whitener",,B06XXWC4ZM,"VIVI Cosmetics",,5
"2018-05-03 05:28:41","teeth whitener",,B07397WM97,"Cali White",,6
"2018-05-03 05:28:45","teeth whitener",,B00KQHE9B8,Colgate,,7
"2018-05-03 05:28:43","teeth whitening kit","100% Natural Teeth Whitening Powder That Works",,PROCOAL,,1
"2018-05-03 05:28:45","teeth whitening kit",,B01DV7UYY0,SkinPep,,2
"2018-05-03 05:28:45","teeth whitening kit",,B01DRZHZUC,"KAV PLUS",,3
"2018-05-03 05:28:45","teeth whitening kit",,B072LF2356,"Cali White",,4
"2018-05-03 05:28:45","teeth whitening kit",,B077FQ6HJX,MARNUR,,5
"2018-05-03 05:28:45","teeth whitening kit",,B0784SF7VB,Colgate,,6
"2018-05-03 05:28:45","teeth whitening kit",,B07691J64T,"The Charcoal Guys",,7
"2018-05-03 05:28:45","teeth whitening kit",,B0774TSX48,"Coco Smile",,8
"2018-05-03 05:28:45","teeth whitening kit",,B073VHNFY2,"FUREIN SMILE",,9
"2018-05-03 05:28:50","teeth whitening kit",,B01MQWBVVR,Sensodyne,,10
"2018-05-03 05:28:48",toothpaste,"Unlock the power of your smile",,Colgate,,1
"2018-05-03 05:28:50",toothpaste,,B0051G4DY2,Sensodyne,,2
"2018-05-03 05:28:50",toothpaste,,B01MQWBVVR,Sensodyne,,3
"2018-05-03 05:28:50",toothpaste,,B00E8GUY6W,Biotene,,4
"2018-05-03 05:28:50",toothpaste,,B00FLYV01S,OraMD,,5
"2018-05-03 05:28:50",toothpaste,,B004TY6V9M,"ORGANIQUE BY HIMALAYA",,6
"2018-05-03 05:28:50",toothpaste,,B01CWYES90,"Himalaya Botanique",,7
"2018-05-03 05:28:50",toothpaste,,B011TNAEVQ,,,8
"2018-05-03 05:28:50",toothpaste,,B00C77IOWK,Sensodyne,,9
"2018-05-03 05:28:54",toothpaste,,B008SSY40I,Corsodyl,,10
"2018-05-03 05:28:52","teeth whitening strips","Unlock the power of your smile",,Colgate,,1
"2018-05-03 05:28:54","teeth whitening strips",,B079F8BTKJ,"T SMILE",,2
"2018-05-03 05:28:54","teeth whitening strips",,B07993PDZX,"Luxe Teeth Whitening",,3
"2018-05-03 05:28:54","teeth whitening strips",,B071XTS3WB,"Pearly Poised",,4
"2018-05-03 05:28:54","teeth whitening strips",,B071GVQ74S,"Boosted Oil Pulling",,5
"2018-05-03 05:28:45","teeth whitening strips",,B0774TSX48,"Coco Smile",,6
"2018-05-03 05:28:45","teeth whitening strips",,B00KQHE9B8,Colgate,,7
"2018-05-03 05:28:54","teeth whitening strips",,B075RCFVNC,Nano,,8
"2018-05-03 05:28:54","teeth whitening strips",,B06Y991K2X,"Cali White",,9
"2018-05-03 05:28:54","teeth whitening strips",,B0725KBPT3,Groomarang,,10
"2018-05-03 05:28:52","teeth whitening gel","100% Natural Teeth Whitening Powder That Works",,PROCOAL,,1
"2018-05-03 05:28:45","teeth whitening gel",,B01DRZHZUC,"KAV PLUS",,2
"2018-05-03 05:28:59","teeth whitening gel",,B017FR4M6I,"KAV PLUS",,3
"2018-05-03 05:28:45","teeth whitening gel",,B07691J64T,"The Charcoal Guys",,4
"2018-05-03 05:28:50","teeth whitening gel",,B01MQWBVVR,Sensodyne,,5
"2018-05-03 05:28:41","teeth whitening gel",,B01JGFY9D8,PROCOAL,,6
"2018-05-03 05:28:59","teeth whitening gel",,B0045X6EX0,Corsodyl,,7
"2018-05-03 05:28:57","whitening toothpaste","Unlock the power of your smile",,Colgate,,1
"2018-05-03 05:28:45","whitening toothpaste",,B0784SF7VB,Colgate,,2
"2018-05-03 05:28:50","whitening toothpaste",,B01MQWBVVR,Sensodyne,,3
"2018-05-03 05:28:59","whitening toothpaste",,B0045X6EX0,Corsodyl,,4
"2018-05-03 05:28:59","whitening toothpaste",,B018NRC9B4,ZEVRON,,5
"2018-05-03 05:28:59","whitening toothpaste",,B074M93N6Q,Laviish,,6
"2018-05-03 05:28:59","whitening toothpaste",,B0015X83E6,Corsodyl,,7
"2018-05-03 05:28:57","teeth whitening pen","100% Natural Teeth Whitening Powder That Works",,PROCOAL,,1
"2018-05-03 05:28:45","teeth whitening pen",,B07691J64T,"The Charcoal Guys",,2
"2018-05-03 05:28:45","teeth whitening pen",,B0784SF7VB,Colgate,,3
"2018-05-03 05:28:41","teeth whitening pen",,B01JGFY9D8,PROCOAL,,4
"2018-05-03 05:28:45","teeth whitening pen",,B01DRZHZUC,"KAV PLUS",,5
"2018-05-03 05:28:50","teeth whitening pen",,B01MQWBVVR,Sensodyne,,6
"2018-05-03 05:28:59","teeth whitening pen",,B078JPDSLY,JoLee,,7
"2018-05-03 05:28:57","teeth whitening toothpaste","Unlock the power of your smile",,Colgate,,1
"2018-05-03 05:29:03","teeth whitening toothpaste",,B072WL4MF5,,,2
"2018-05-03 05:28:45","teeth whitening toothpaste",,B0784SF7VB,Colgate,,3
"2018-05-03 05:28:50","teeth whitening toothpaste",,B0051G4DY2,Sensodyne,,4
"2018-05-03 05:28:45","teeth whitening toothpaste",,B07691J64T,"The Charcoal Guys",,5
"2018-05-03 05:28:45","teeth whitening toothpaste",,B01DRZHZUC,"KAV PLUS",,6
"2018-05-03 05:28:59","teeth whitening toothpaste",,B074M93N6Q,Laviish,,7
"2018-05-03 05:29:01","colgate max white","Unlock the power of your smile",,Colgate,,1
"2018-05-03 05:28:45","colgate max white",,B0784SF7VB,Colgate,,2
"2018-05-03 05:28:45","colgate max white",,B00KQHE9B8,Colgate,,3
"2018-05-03 05:29:03","colgate max white",,B00AI0K8UE,Listerine,,4
"2018-05-03 05:29:03","colgate max white",,B00694TPTS,Listerine,,5
"2018-05-03 05:29:03","colgate max white",,B013XCMB8K,Listerine,,6
"2018-05-03 05:29:03","colgate max white",,B013QWM2EK,Colgate,,7
"2018-05-03 05:29:01","oral b 3d white",,,,,1
"2018-05-03 05:29:03","oral b 3d white",,B079ZSZYVK,ITECHNIK,,2
"2018-05-03 05:29:03","oral b 3d white",,B06ZZPRGKW,Oral-B,,3
"2018-05-03 05:29:03","oral b 3d white",,B00LMDWOEO,Oral-B,,4
"2018-05-03 05:28:41","oral b 3d white",,B01JGFY9D8,PROCOAL,,5
"2018-05-03 05:28:45","oral b 3d white",,B00KQHE9B8,Colgate,,6
"2018-05-03 05:29:07","oral b 3d white",,B01GQGTZE8,ITECHNIK,,7
"2018-05-03 05:29:05","mr blanc",,,,,1
"2018-05-03 05:28:41","mr blanc",,B01JGFY9D8,PROCOAL,,2
"2018-05-03 05:28:41","mr blanc",,B078TKVR8G,"Coco Smile",,3
"2018-05-03 05:29:07","mr blanc",,B06WRS71N8,"Cali White",,4
"2018-05-03 05:29:07","mr blanc",,B00RANT18W,"Just Pure Hut",,5
"2018-05-03 05:29:07","mr blanc",,B01KGJ0Y3C,"Coco Smile",,6
"2018-05-03 05:28:54","mr blanc",,B071XTS3WB,"Pearly Poised",,7
"2018-05-03 05:29:05","arm and hammer toothpaste",,,,,1
"2018-05-03 05:29:07","arm and hammer toothpaste",,B001AMXTEG,"Arm & Hammer",,2
"2018-05-03 05:29:07","arm and hammer toothpaste",,B0017TMZXI,"Arm & Hammer",,3
"2018-05-03 05:29:07","arm and hammer toothpaste",,B01K6YLQKC,,,4
"2018-05-03 05:29:07","arm and hammer toothpaste",,B01N6ZH1A4,"Arm & Hammer",,5
"2018-05-03 05:29:11","arm and hammer toothpaste",,B072VLC4QH,MML,,6
"2018-05-03 05:29:11","arm and hammer toothpaste",,B072VKL3MF,MML,,7
"2018-05-03 05:29:09","pearl drops",,,,,1
"2018-05-03 05:29:11","pearl drops",,B0745KR8SX,"Pearl Drops",,2
"2018-05-03 05:29:11","pearl drops",,B0050HWA92,"Pearl Drops",,3
"2018-05-03 05:28:41","pearl drops",,B01JGFY9D8,PROCOAL,,4
"2018-05-03 05:29:07","pearl drops",,B06WRS71N8,"Cali White",,5
"2018-05-03 05:29:11","pearl drops",,B01BMLGWNY,"Pearl Drops",,6
"2018-05-03 05:29:07","pearl drops",,B00RANT18W,"Just Pure Hut",,7
"2018-05-03 05:29:09",whitening,,,,,1
"2018-05-03 05:28:54",whitening,,B075RCFVNC,Nano,,2
"2018-05-03 05:29:11",whitening,,B01CWYERWI,Himalaya,,3
"2018-05-03 05:29:11",whitening,,B07BR2SJ4H,Megon,,4
"2018-05-03 05:29:11",whitening,,B078YVSVQP,Mifine,,5
"2018-05-03 05:29:15",whitening,,B01LBLFNX0,BeShiny,,6
"2018-05-03 05:29:15",whitening,,B00PHDSFSO,OrganiFade,,7
"2018-05-03 05:29:13","toothpaste janina","12 Hour Fresh Breath for Sensitive Teeth",,UltraDEX,,1
"2018-05-03 05:28:41","toothpaste janina",,B01JGFY9D8,PROCOAL,,2
"2018-05-03 05:29:15","toothpaste janina",,B017WIDXVK,Janina,,3
"2018-05-03 05:29:15","toothpaste janina",,B006WOKJ1S,Janina,,4
"2018-05-03 05:29:15","toothpaste janina",,B018464ZL6,,,5
"2018-05-03 05:29:13","blanx toothpaste","12 Hour Fresh Breath for Sensitive Teeth",,UltraDEX,,1
"2018-05-03 05:28:59","blanx toothpaste",,B018NRC9B4,ZEVRON,,2
"2018-05-03 05:29:15","blanx toothpaste",,B075ZYMN4W,COALMAX,,3
"2018-05-03 05:29:15","blanx toothpaste",,B072QXDLFC,,,4
"2018-05-03 05:29:15","blanx toothpaste",,B001AVY63U,BlanX,,5
"2018-05-03 05:29:17","blanx white shock",,,,,1
"2018-05-03 05:29:15","blanx white shock",,B001AVY63U,BlanX,,2
"2018-05-03 05:29:17",blanx,,,,,1
"2018-05-03 05:29:17","teeth whitening light","100% Natural Teeth Whitening Powder That Works",,PROCOAL,,1
"2018-05-03 05:28:45","teeth whitening light",,B01DRZHZUC,"KAV PLUS",,2
"2018-05-03 05:28:45","teeth whitening light",,B07691J64T,"The Charcoal Guys",,3
"2018-05-03 05:28:41","teeth whitening light",,B01JGFY9D8,PROCOAL,,4
"2018-05-03 05:28:50","teeth whitening light",,B01MQWBVVR,Sensodyne,,5
"2018-05-03 05:29:17","toothpaste smokers",,,,,1
"2018-05-03 05:29:19","toothpaste smokers",,B0052ED4DY,,,2
"2018-05-03 05:29:11","toothpaste smokers",,B0745KR8SX,"Pearl Drops",,3
"2018-05-03 05:29:19","toothpaste smokers",,B0052ECOE4,,,4
"2018-05-03 05:29:07","toothpaste smokers",,B00RANT18W,"Just Pure Hut",,5
"2018-05-03 05:29:19","toothpaste smokers",,B012H4S0YO,Clinomyn,,6
"2018-05-03 05:29:19","toothpaste smokers",,B01IR2A49E,"Pearl Drops",,7
"2018-05-03 05:29:17","whitening mouthwash","12 Hour Fresh Breath Confidence",,"Periproducts Ltd",,1
"2018-05-03 05:29:19","whitening mouthwash",,B079KLW48W,"Luxe Teeth Whitening",,2
"2018-05-03 05:29:22","whitening mouthwash",,B007Y5XCWM,UltraDEX,,3
"2018-05-03 05:29:22","whitening mouthwash",,B0051I2M52,Corsodyl,,4
"2018-05-03 05:28:59","whitening mouthwash",,B0045X6EX0,Corsodyl,,5
"2018-05-03 05:29:22","whitening mouthwash",,B071Z1B158,UltraDEX,,6
"2018-05-03 05:28:54","whitening mouthwash",,B071GVQ74S,"Boosted Oil Pulling",,7
